CCGName,pcApr19Apr20,imdquantile,value,mean,meanimd
NHS BERKSHIRE WEST CCG,-.38358861,1,-38.35886,-.51586747,-.38126296
NHS STAFFORD AND SURROUNDS CCG,-.30933249,1,-30.933249,-.51586747,-.38126296
NHS EAST AND NORTH HERTFORDSHIRE CCG,-.40656173,1,-40.656174,-.51586747,-.38126296
NHS BUCKINGHAMSHIRE CCG,-.36754262,1,-36.754261,-.51586747,-.38126296
NHS HERTS VALLEYS CCG,-.22416329,1,-22.416328,-.51586747,-.38126296
NHS CASTLE POINT AND ROCHFORD CCG,-.42608699,1,-42.6087,-.51586747,-.38126296
NHS VALE OF YORK CCG,-.34814814,1,-34.814816,-.51586747,-.38126296
NHS GLOUCESTERSHIRE CCG,-.47691846,1,-47.691845,-.51586747,-.38126296
NHS WEST LEICESTERSHIRE CCG,-.46989247,1,-46.989246,-.51586747,-.38126296
NHS OXFORDSHIRE CCG,-.41439226,1,-41.439228,-.51586747,-.38126296
NHS EAST LEICESTERSHIRE AND RUTLAND CCG,-.3672654,1,-36.72654,-.51586747,-.38126296
NHS WEST ESSEX CCG,-.41866615,2,-41.866615,-.51586747,-.48942262
NHS FYLDE AND WYRE CCG,-.54471242,2,-54.471241,-.51586747,-.48942262
NHS WEST LANCASHIRE CCG,-.26075733,2,-26.075733,-.51586747,-.48942262
NHS SOUTH EAST STAFFORDSHIRE AND SEISDON PENINSULA CCG,-.54016733,2,-54.016731,-.51586747,-.48942262
NHS NORTH STAFFORDSHIRE CCG,-.56423903,2,-56.423904,-.51586747,-.48942262
"NHS BRISTOL, NORTH SOMERSET AND SOUTH GLOUCESTERSHIRE CCG",-.43539008,2,-43.539009,-.51586747,-.48942262
NHS EAST STAFFORDSHIRE CCG,-.43027657,2,-43.027657,-.51586747,-.48942262
NHS IPSWICH AND EAST SUFFOLK CCG,-.532915,2,-53.2915,-.51586747,-.48942262
NHS EAST RIDING OF YORKSHIRE CCG,-.55645388,2,-55.64539,-.51586747,-.48942262
NHS CHORLEY AND SOUTH RIBBLE CCG,-.46067998,2,-46.067997,-.51586747,-.48942262
NHS TRAFFORD CCG,-.56144285,2,-56.144287,-.51586747,-.48942262
NHS DORSET CCG,-.51191819,2,-51.191818,-.51586747,-.48942262
NHS WEST SUFFOLK CCG,-.60091114,2,-60.091114,-.51586747,-.48942262
NHS WARRINGTON CCG,-.51664388,2,-51.664387,-.51586747,-.48942262
NHS CAMBRIDGESHIRE AND PETERBOROUGH CCG,-.54833966,2,-54.833965,-.51586747,-.48942262
NHS BASILDON AND BRENTWOOD CCG,-.34724858,2,-34.724857,-.51586747,-.48942262
NHS BASSETLAW CCG,-.45718732,3,-45.718731,-.51586747,-.50672817
NHS STOCKPORT CCG,-.42125237,3,-42.125237,-.51586747,-.50672817
NHS NORTH EAST ESSEX CCG,-.62420702,3,-62.4207,-.51586747,-.50672817
NHS MORECAMBE BAY CCG,-.59551007,3,-59.551006,-.51586747,-.50672817
NHS NORTH CUMBRIA CCG,-.37003762,3,-37.003761,-.51586747,-.50672817
NHS NORTH TYNESIDE CCG,-.60239953,3,-60.239952,-.51586747,-.50672817
NHS DERBY AND DERBYSHIRE CCG,-.50661302,3,-50.661301,-.51586747,-.50672817
NHS NORTHUMBERLAND CCG,-.62985194,3,-62.985195,-.51586747,-.50672817
NHS BRIGHTON AND HOVE CCG,-.18343076,3,-18.343077,-.51586747,-.50672817
NHS CANNOCK CHASE CCG,-.60660982,3,-60.66098,-.51586747,-.50672817
NHS SOMERSET CCG,-.48088217,3,-48.088219,-.51586747,-.50672817
NHS DEVON CCG,-.556701,3,-55.670101,-.51586747,-.50672817
NHS GREATER PRESTON CCG,-.44031402,3,-44.031403,-.51586747,-.50672817
NHS SOUTHPORT AND FORMBY CCG,-.57133937,3,-57.133938,-.51586747,-.50672817
NHS SOUTHEND CCG,-.5216378,3,-52.16378,-.51586747,-.50672817
NHS NORTH LINCOLNSHIRE CCG,-.47493917,3,-47.493916,-.51586747,-.50672817
NHS BURY CCG,-.68798751,3,-68.798752,-.51586747,-.50672817
NHS THURROCK CCG,-.39020658,3,-39.020657,-.51586747,-.50672817
NHS NEWCASTLE GATESHEAD CCG,-.65177608,4,-65.177605,-.51586747,-.57931763
NHS NORTH EAST LINCOLNSHIRE CCG,-.48026496,4,-48.026497,-.51586747,-.57931763
NHS EAST LANCASHIRE CCG,-.53722662,4,-53.72266,-.51586747,-.57931763
NHS WIGAN BOROUGH CCG,-.52617711,4,-52.61771,-.51586747,-.57931763
NHS SHEFFIELD CCG,-.75785446,4,-75.785446,-.51586747,-.57931763
NHS KERNOW CCG,-.49800754,4,-49.800755,-.51586747,-.57931763
NHS LEEDS CCG,-.4951652,4,-49.516521,-.51586747,-.57931763
NHS BOLTON CCG,-.55037963,4,-55.037964,-.51586747,-.57931763
NHS PORTSMOUTH CCG,-.54147226,4,-54.147224,-.51586747,-.57931763
NHS WAKEFIELD CCG,-.53778356,4,-53.778355,-.51586747,-.57931763
NHS ROTHERHAM CCG,-.7737307,4,-77.37307,-.51586747,-.57931763
NHS WIRRAL CCG,-.60197318,4,-60.197319,-.51586747,-.57931763
NHS BIRMINGHAM AND SOLIHULL CCG,-.60518521,5,-60.51852,-.51586747,-.58121121
"NHS HEYWOOD, MIDDLETON AND ROCHDALE CCG",-.65193158,5,-65.193161,-.51586747,-.58121121
NHS SOUTH TYNESIDE CCG,-.88249159,5,-88.249161,-.51586747,-.58121121
NHS OLDHAM CCG,-.72845954,5,-72.845955,-.51586747,-.58121121
NHS DONCASTER CCG,-.5226438,5,-52.264381,-.51586747,-.58121121
NHS ST HELENS CCG,-.60491341,5,-60.491341,-.51586747,-.58121121
NHS STOKE ON TRENT CCG,-.55390191,5,-55.39019,-.51586747,-.58121121
NHS BARNSLEY CCG,-.42284569,5,-42.284569,-.51586747,-.58121121
NHS TAMESIDE AND GLOSSOP CCG,-.40164512,5,-40.164513,-.51586747,-.58121121
NHS SOUTH SEFTON CCG,-.52060026,5,-52.060024,-.51586747,-.58121121
NHS LIVERPOOL CCG,-.6006366,5,-60.06366,-.51586747,-.58121121
NHS LEICESTER CITY CCG,-.59973156,5,-59.973156,-.51586747,-.58121121
NHS BLACKPOOL CCG,-.55860806,5,-55.860806,-.51586747,-.58121121
NHS HULL CCG,-.58244574,5,-58.244576,-.51586747,-.58121121
NHS KNOWSLEY CCG,-.47906336,5,-47.906338,-.51586747,-.58121121
NHS HALTON CCG,-.55980861,5,-55.980862,-.51586747,-.58121121
NHS MANCHESTER CCG,-.42634046,5,-42.634045,-.51586747,-.58121121
NHS SUNDERLAND CCG,-.89652252,5,-89.652252,-.51586747,-.58121121
NHS SALFORD CCG,-.53079367,5,-53.079369,-.51586747,-.58121121
NHS BLACKBURN WITH DARWEN CCG,-.49565497,5,-49.565498,-.51586747,-.58121121
